Workbook

Sheet Assumptions
A1: Cloud vs On-Premise — Total Cost of Ownership (3-Year)
A2: Blue/Yellow = editable inputs. Change these and all sheets recalculate.
A4: GENERAL
A5: Projection period (years) | B5: 3 | C5: yrs
A6: Workload | B6: 1 server: ~2 vCPU / 8GB RAM / 100GB / 24x7
A7: Total months | B7: =B5*12 -> 36

Sheet On-Premise
A1: On-Premise Server (Own Hardware)
A3: ONE-TIME (Upfront) COSTS
A4: Item | C4: Cost ($)
A5: Server hardware (purchase) | C5: 5000
A6: Software / OS licensing (one-time) | C6: 1800
A7: Installation & setup | C7: 1200
A8: Total Upfront | C8: =SUM(C5:C7) -> 8000
A10: MONTHLY (Recurring) COSTS
A11: Item | C11: $/month
A12: Power & cooling | C12: 40
A13: Maintenance / support contract | C13: 40
A14: IT admin time (allocated) | C14: 25
A15: Facilities / rack / network | C15: 15
A16: Total per Month | C16: =SUM(C12:C15) -> 120
A18: Cost per Year | C18: ='On-Premise'!$C$16*12 -> 1440
A19: TOTAL (3-Year TCO) | C19: ='On-Premise'!$C$8+'On-Premise'!$C$16*Assumptions!$B$7 -> 12320

Sheet AWS
A1: Amazon Web Services (EC2)
A3: ONE-TIME (Upfront) COSTS
A4: Item | C4: Cost ($)
A5: Upfront / reserved fee | C5: 0
A6: Total Upfront | C6: =SUM(C5:C5) -> 0
A8: MONTHLY (Recurring) COSTS
A9: Item | C9: $/month
A10: EC2 instance (t3.large, 24x7) | C10: 200
A11: EBS storage (100GB) | C11: 30
A12: Data transfer | C12: 40
A13: Support plan | C13: 30
A14: Total per Month | C14: =SUM(C10:C13) -> 300
A16: Cost per Year | C16: =AWS!$C$14*12 -> 3600
A17: TOTAL (3-Year TCO) | C17: =AWS!$C$6+AWS!$C$14*Assumptions!$B$7 -> 10800

Sheet Azure
A1: Microsoft Azure (Virtual Machine)
A3: ONE-TIME (Upfront) COSTS
A4: Item | C4: Cost ($)
A5: Upfront / reserved fee | C5: 0
A6: Total Upfront | C6: =SUM(C5:C5) -> 0
A8: MONTHLY (Recurring) COSTS
A9: Item | C9: $/month
A10: VM (B2ms / D2s, 24x7) | C10: 210
A11: Managed disk (100GB) | C11: 32
A12: Bandwidth | C12: 38
A13: Support plan | C13: 30
A14: Total per Month | C14: =SUM(C10:C13) -> 310
A16: Cost per Year | C16: =Azure!$C$14*12 -> 3720
A17: TOTAL (3-Year TCO) | C17: =Azure!$C$6+Azure!$C$14*Assumptions!$B$7 -> 11160

Sheet Comparison
A1: TCO Comparison, Break-even & 3-Year Projection
A3: Metric | B3: On-Premise | C3: AWS | D3: Azure
A4: Upfront cost | B4: ='On-Premise'!$C$8 -> 8000 | C4: =AWS!$C$6 -> 0 | D4: =Azure!$C$6 -> 0
A5: Monthly cost | B5: ='On-Premise'!$C$16 -> 120 | C5: =AWS!$C$14 -> 300 | D5: =Azure!$C$14 -> 310
A6: Yearly cost | B6: ='On-Premise'!$C$16*12 -> 1440 | C6: =AWS!$C$14*12 -> 3600 | D6: =Azure!$C$14*12 -> 3720
A7: 3-Year TCO | B7: ='On-Premise'!$C$19 -> 12320 | C7: =AWS!$C$17 -> 10800 | D7: =Azure!$C$17 -> 11160
A9: Lowest 3-Year TCO | B9: =INDEX(B3:D3,MATCH(MIN(B7:D7),B7:D7,0)) -> AWS
A10: Break-even: On-Premise vs AWS | B10: =IF(AWS!$C$14>'On-Premise'!$C$16, 'On-Premise'!$C$8/(AWS!$C$14-'On-Premise'!$C$16), "Cloud always cheaper") -> 44.444444 | C10: months
A11: Break-even: On-Premise vs Azure | B11: =IF(Azure!$C$14>'On-Premise'!$C$16, 'On-Premise'!$C$8/(Azure!$C$14-'On-Premise'!$C$16), "Cloud always cheaper") -> 42.105263 | C11: months
A13: CUMULATIVE COST BY MONTH
A14: Month | B14: On-Premise | C14: AWS | D14: Azure
A15: 0 | B15: ='On-Premise'!$C$8+'On-Premise'!$C$16*A15 -> 8000 | C15: =AWS!$C$6+AWS!$C$14*A15 -> 0 | D15: =Azure!$C$6+Azure!$C$14*A15 -> 0
A16: 1 | B16: ='On-Premise'!$C$8+'On-Premise'!$C$16*A16 -> 8120 | C16: =AWS!$C$6+AWS!$C$14*A16 -> 300 | D16: =Azure!$C$6+Azure!$C$14*A16 -> 310
A17: 2 | B17: ='On-Premise'!$C$8+'On-Premise'!$C$16*A17 -> 8240 | C17: =AWS!$C$6+AWS!$C$14*A17 -> 600 | D17: =Azure!$C$6+Azure!$C$14*A17 -> 620
A18: 3 | B18: ='On-Premise'!$C$8+'On-Premise'!$C$16*A18 -> 8360 | C18: =AWS!$C$6+AWS!$C$14*A18 -> 900 | D18: =Azure!$C$6+Azure!$C$14*A18 -> 930
A19: 4 | B19: ='On-Premise'!$C$8+'On-Premise'!$C$16*A19 -> 8480 | C19: =AWS!$C$6+AWS!$C$14*A19 -> 1200 | D19: =Azure!$C$6+Azure!$C$14*A19 -> 1240
A20: 5 | B20: ='On-Premise'!$C$8+'On-Premise'!$C$16*A20 -> 8600 | C20: =AWS!$C$6+AWS!$C$14*A20 -> 1500 | D20: =Azure!$C$6+Azure!$C$14*A20 -> 1550
A21: 6 | B21: ='On-Premise'!$C$8+'On-Premise'!$C$16*A21 -> 8720 | C21: =AWS!$C$6+AWS!$C$14*A21 -> 1800 | D21: =Azure!$C$6+Azure!$C$14*A21 -> 1860
A22: 7 | B22: ='On-Premise'!$C$8+'On-Premise'!$C$16*A22 -> 8840 | C22: =AWS!$C$6+AWS!$C$14*A22 -> 2100 | D22: =Azure!$C$6+Azure!$C$14*A22 -> 2170
A23: 8 | B23: ='On-Premise'!$C$8+'On-Premise'!$C$16*A23 -> 8960 | C23: =AWS!$C$6+AWS!$C$14*A23 -> 2400 | D23: =Azure!$C$6+Azure!$C$14*A23 -> 2480
A24: 9 | B24: ='On-Premise'!$C$8+'On-Premise'!$C$16*A24 -> 9080 | C24: =AWS!$C$6+AWS!$C$14*A24 -> 2700 | D24: =Azure!$C$6+Azure!$C$14*A24 -> 2790
A25: 10 | B25: ='On-Premise'!$C$8+'On-Premise'!$C$16*A25 -> 9200 | C25: =AWS!$C$6+AWS!$C$14*A25 -> 3000 | D25: =Azure!$C$6+Azure!$C$14*A25 -> 3100
A26: 11 | B26: ='On-Premise'!$C$8+'On-Premise'!$C$16*A26 -> 9320 | C26: =AWS!$C$6+AWS!$C$14*A26 -> 3300 | D26: =Azure!$C$6+Azure!$C$14*A26 -> 3410
... A51: 36 | B51: ='On-Premise'!$C$8+'On-Premise'!$C$16*A51 -> 12320 | C51: =AWS!$C$6+AWS!$C$14*A51 -> 10800 | D51: =Azure!$C$6+Azure!$C$14*A51 -> 11160
