Workbook

Sheet Assumptions
A1: Total Cost of Ownership (TCO) — Printer Comparison
A2: Blue = your inputs (change these). Yellow = update with researched values.
A4: GENERAL ASSUMPTIONS
A5: Comparison period (years) | B5: 5 | C5: yrs
A6: Pages printed per week | B6: 750 | C6: pages
A7: Weeks per year | B7: 52 | C7: weeks
A8: Printer power-on time per week | B8: 40 | C8: hours
A9: Electricity rate | B9: 0.3 | C9: $/kWh
A10: Paper cost per ream (500 sheets) | B10: 6 | C10: $
A11: TOTAL PAGES over period | B11: =B6*B7*B5 -> 195000 | C11: pages
A13: PRINTER A — INKJET (example)
A14: Printer A name / model | B14: HP DeskJet (example)
A15: Purchase price ($) | B15: 80
A16: Ink cartridge cost ($ each) | B16: 40
A17: Cartridge page yield (pages) | B17: 200
A18: Power draw (watts) | B18: 30
A20: PRINTER B — LASER (example)
A21: Printer B name / model | B21: Brother HL-L2350DW (example)
A22: Purchase price ($) | B22: 150
A23: Toner cartridge cost ($ each) | B23: 60
A24: Toner page yield (pages) | B24: 1200
A25: Power draw (watts) | B25: 350

Sheet Inkjet (Printer A)
A1: =Assumptions!$B$14 -> HP DeskJet (example)
A3: Item Description | B3: Type | C3: Unit Price ($) | D3: Units Consumed | E3: Total Cost ($)
A4: Printer (hardware) | B4: Fixed | C4: =Assumptions!$B$15 -> 80 | D4: 1 | E4: =C4*D4 -> 80
A5: Ink cartridges | B5: Variable | C5: =Assumptions!$B$16 -> 40 | D5: =ROUNDUP(Assumptions!$B$11/Assumptions!$B$17,0) -> 975 | E5: =C5*D5 -> 39000
A6: Paper (reams of 500) | B6: Variable | C6: =Assumptions!$B$10 -> 6 | D6: =ROUNDUP(Assumptions!$B$11/500,0) -> 390 | E6: =C6*D6 -> 2340
A7: Electricity | B7: Variable | C7: =Assumptions!$B$9 -> 0.3 | D7: =(Assumptions!$B$18/1000)*Assumptions!$B$8*Assumptions!$B$7*Assumptions!$B$5 -> 312 | E7: =C7*D7 -> 93.6
A9: Total FIXED costs | E9: =SUMIF(B4:B7,"Fixed",E4:E7) -> 80
A10: Total VARIABLE costs | E10: =SUMIF(B4:B7,"Variable",E4:E7) -> 41433.6
A12: GRAND TOTAL — Total Cost of Ownership | E12: =E9+E10 -> 41513.6
A14: Cost per page | E14: =E12/Assumptions!$B$11 -> 0.21289026

Sheet Laser (Printer B)
A1: =Assumptions!$B$21 -> Brother HL-L2350DW (example)
A3: Item Description | B3: Type | C3: Unit Price ($) | D3: Units Consumed | E3: Total Cost ($)
A4: Printer (hardware) | B4: Fixed | C4: =Assumptions!$B$22 -> 150 | D4: 1 | E4: =C4*D4 -> 150
A5: Toner cartridges | B5: Variable | C5: =Assumptions!$B$23 -> 60 | D5: =ROUNDUP(Assumptions!$B$11/Assumptions!$B$24,0) -> 163 | E5: =C5*D5 -> 9780
A6: Paper (reams of 500) | B6: Variable | C6: =Assumptions!$B$10 -> 6 | D6: =ROUNDUP(Assumptions!$B$11/500,0) -> 390 | E6: =C6*D6 -> 2340
A7: Electricity | B7: Variable | C7: =Assumptions!$B$9 -> 0.3 | D7: =(Assumptions!$B$25/1000)*Assumptions!$B$8*Assumptions!$B$7*Assumptions!$B$5 -> 3640 | E7: =C7*D7 -> 1092
A9: Total FIXED costs | E9: =SUMIF(B4:B7,"Fixed",E4:E7) -> 150
A10: Total VARIABLE costs | E10: =SUMIF(B4:B7,"Variable",E4:E7) -> 13212
A12: GRAND TOTAL — Total Cost of Ownership | E12: =E9+E10 -> 13362
A14: Cost per page | E14: =E12/Assumptions!$B$11 -> 0.068523077

Sheet Comparison
A1: TCO Comparison & Break-even
A3: Metric | B3: Printer A (Inkjet) | C3: Printer B (Laser)
A4: Printer name | B4: ='Inkjet (Printer A)'!A1 -> HP DeskJet (example) | C4: ='Laser (Printer B)'!A1 -> Brother HL-L2350DW (example)
A5: Total FIXED costs | B5: ='Inkjet (Printer A)'!E9 -> 80 | C5: ='Laser (Printer B)'!E9 -> 150
A6: Total VARIABLE costs | B6: ='Inkjet (Printer A)'!E10 -> 41433.6 | C6: ='Laser (Printer B)'!E10 -> 13212
A7: GRAND TOTAL (TCO) | B7: ='Inkjet (Printer A)'!E12 -> 41513.6 | C7: ='Laser (Printer B)'!E12 -> 13362
A8: Cost per page | B8: ='Inkjet (Printer A)'!E14 -> 0.21289026 | C8: ='Laser (Printer B)'!E14 -> 0.068523077
A10: Lower TCO printer: | B10: =IF(B7<C7,"Printer A (Inkjet)",IF(C7<B7,"Printer B (Laser)","Equal")) -> Printer B (Laser)
A13: BREAK-EVEN OVER TIME (cumulative TCO by year)
A14: Year | B14: Printer A cumulative ($) | C14: Printer B cumulative ($)
A15: 1 | B15: ='Inkjet (Printer A)'!$E$9 + ('Inkjet (Printer A)'!$E$10/Assumptions!$B$5)*A15 -> 8366.72 | C15: ='Laser (Printer B)'!$E$9 + ('Laser (Printer B)'!$E$10/Assumptions!$B$5)*A15 -> 2792.4
A16: 2 | B16: ='Inkjet (Printer A)'!$E$9 + ('Inkjet (Printer A)'!$E$10/Assumptions!$B$5)*A16 -> 16653.44 | C16: ='Laser (Printer B)'!$E$9 + ('Laser (Printer B)'!$E$10/Assumptions!$B$5)*A16 -> 5434.8
A17: 3 | B17: ='Inkjet (Printer A)'!$E$9 + ('Inkjet (Printer A)'!$E$10/Assumptions!$B$5)*A17 -> 24940.16 | C17: ='Laser (Printer B)'!$E$9 + ('Laser (Printer B)'!$E$10/Assumptions!$B$5)*A17 -> 8077.2
A18: 4 | B18: ='Inkjet (Printer A)'!$E$9 + ('Inkjet (Printer A)'!$E$10/Assumptions!$B$5)*A18 -> 33226.88 | C18: ='Laser (Printer B)'!$E$9 + ('Laser (Printer B)'!$E$10/Assumptions!$B$5)*A18 -> 10719.6
A19: 5 | B19: ='Inkjet (Printer A)'!$E$9 + ('Inkjet (Printer A)'!$E$10/Assumptions!$B$5)*A19 -> 41513.6 | C19: ='Laser (Printer B)'!$E$9 + ('Laser (Printer B)'!$E$10/Assumptions!$B$5)*A19 -> 13362
A20: 6 | B20: ='Inkjet (Printer A)'!$E$9 + ('Inkjet (Printer A)'!$E$10/Assumptions!$B$5)*A20 -> 49800.32 | C20: ='Laser (Printer B)'!$E$9 + ('Laser (Printer B)'!$E$10/Assumptions!$B$5)*A20 -> 16004.4
A21: 7 | B21: ='Inkjet (Printer A)'!$E$9 + ('Inkjet (Printer A)'!$E$10/Assumptions!$B$5)*A21 -> 58087.04 | C21: ='Laser (Printer B)'!$E$9 + ('Laser (Printer B)'!$E$10/Assumptions!$B$5)*A21 -> 18646.8
A22: 8 | B22: ='Inkjet (Printer A)'!$E$9 + ('Inkjet (Printer A)'!$E$10/Assumptions!$B$5)*A22 -> 66373.76 | C22: ='Laser (Printer B)'!$E$9 + ('Laser (Printer B)'!$E$10/Assumptions!$B$5)*A22 -> 21289.2
A23: 9 | B23: ='Inkjet (Printer A)'!$E$9 + ('Inkjet (Printer A)'!$E$10/Assumptions!$B$5)*A23 -> 74660.48 | C23: ='Laser (Printer B)'!$E$9 + ('Laser (Printer B)'!$E$10/Assumptions!$B$5)*A23 -> 23931.6
A24: 10 | B24: ='Inkjet (Printer A)'!$E$9 + ('Inkjet (Printer A)'!$E$10/Assumptions!$B$5)*A24 -> 82947.2 | C24: ='Laser (Printer B)'!$E$9 + ('Laser (Printer B)'!$E$10/Assumptions!$B$5)*A24 -> 26574
